{"customer_data_docs\\business.txt": 1739639669.8075013, "customer_data_docs\\Feasibility.pdf": 1739639669.806152, "customer_data_docs\\Raha_Resort_Business_Plan_Formal.pdf": 1739639669.8075013, "customer_data_docs\\user_input_2.txt": 1740426540.0057833}