{"global_docs\\2023-L1V3.pdf": 1739639669.8550816, "global_docs\\financial_sheet.xlsx": 1739639669.8570814}